Acceptor,Architecture,Construction ,SMILES,HOMO,LUMO,Gap,PCE,Voc,Joc
PC71BM,bulk,polymer,Cc1ccc(-c2c3cc(-c4ccc(-c5sc(-c6cccs6)c6cc(S(C)(=O)=O)sc65)s4)sc3c(-c3ccc(C)s3)c3ccsc32)s1,-0.187,-0.099,0.088,1.545,0.484,49.19
PC71BM,bulk,polymer,CN1c2ccccc2C(=C2c3ccc(-c4cccs4)cc3N(C)C2=O)C1=O,-0.203,-0.113,0.09,2.697,0.931,44.71
PC61BM,bulk,polymer,Cc1cc(-c2cc3c4nsnc4c(-c4cc(C)c(-c5cccs5)s4)cc3c3nsnc32)sc1-c1cccs1,-0.189,-0.115,0.074,3.241,0.532,93.83
PC61BM,bulk,polymer,Cn1c2ccccc2c2ccc(-c3ccc(-c4ccc(C5=C(c6ccccc6)C(c6ccccc6)=C(c6ccc(-c7cccs7)s6)[Si]5(C)C)s4)s3)cc21,-0.173,-0.091,0.082,0.485,0.115,65.05
PC71BM,bulk,polymer,Cc1cc(-c2c3cc(-c4cccs4)sc3c(-c3cc(C)c(C)s3)c3cc(-c4ccc(-c5ccc6c(c5F)N(C)C(=O)C6=C5c6cccc(F)c6N(C)C5=O)s4)sc32)sc1C,-0.186,-0.119,0.067,3.773,0.461,126.02
PC61BM,bulk,polymer,C#Cc1cc(OC)c(C#Cc2scc3nc(-c4ccccc4)c(-c4ccccc4)nc32)cc1OC,-0.194,-0.1,0.094,1.59,0.679,36.02
PC71BM,bulk,polymer,Cc1csc(-c2ccc(-c3cc(C)c(-c4cc5c(s4)c(-c4ccc(C)cc4)c4ccsc4c5-c4ccc(C)cc4)s3)c3nsnc32)c1,-0.185,-0.105,0.079,2.014,0.421,73.83
PC71BM,bulk,polymer,CC1=CC(c2cc(C)c(-c3ccc(-c4sc(-c5nc(C)c(-c6cccs6)s5)nc4C)s3)s2)=S=C1,-0.275,-1.379,0.092,1.05,0.396,40.93
C60,bilayer,molecule,CN1C(=O)C2=C(c3ccc(-c4ccc(C(F)(F)F)cc4)s3)N(C)C(=O)C2=C1c1ccc(-c2ccc(C(F)(F)F)cc2)s1,-0.194,-0.119,0.076,3.86,0.681,87.17
TiO2,DSSC,molecule,CC1(C)c2ccccc2-c2ccc(N(c3ccc(-c4ccc(-c5ccc(C=CC=C(C#N)C(=O)O)s5)s4)cc3)c3ccc4c(c3)C(C)(C)c3ccccc3-4)cc21,-0.188,-0.114,0.074,2.791,0.513,93.12
TiO2,DSSC,molecule,C=Cc1ccc(N(c2ccccc2)c2ccc(-c3ccc(C=C4SC(=S)N(CC(=O)O)C4=O)s3)cc2)cc1,-0.196,-0.106,0.09,2.124,0.733,44.57
TiO2,DSSC,molecule,N#CC(=Cc1ccc(-c2ccc(-c3ccc(N(c4ccccc4)c4ccccc4)cc3)s2)s1)C(=O)O,-0.195,-0.11,0.086,2.557,0.708,55.55
PC61BM,bulk,polymer,Cc1cc[se]c1,-0.23,-0.02,0.21,0.0,1.659,0.0
PC71BM,bulk,polymer,Cc1nc(-c2nc(C)c(-c3ccc(C4=S=C5c6cc7c(cc6C(C)(C)C5=C4)-c4sccc4C7(C)C)s3)s2)sc1-c1cccs1,-0.18,-0.093,0.087,0.99,0.296,51.43
PC61BM,bulk,polymer,Cc1ccc(C2(c3ccc(C)cc3)c3ccsc3-c3cc4c(cc32)-c2sc(-c3ccc(-c5ccc(-c6ccc(-c7ccc(-c8cccs8)s7)c7nsnc76)s5)s3)cc2C4(c2ccc(C)cc2)c2ccc(C)cc2)cc1,-0.176,-0.108,0.069,1.502,0.201,115.41
PC61BM,bulk,molecule,O=C1c2ccccc2C(=O)C1=Cc1ccc(-c2ccc(N(c3ccc(-c4ccc(C=Cc5cccs5)s4)cc3)c3ccc(-c4ccc(C=Cc5cccs5)s4)cc3)cc2)s1,-0.183,-0.105,0.078,1.923,0.384,77.16
PC71BM,bulk,polymer,COc1cccc(-c2nc3c(-c4cccs4)ccc(-c4ccc(-c5cc6c(s5)c(-c5ccc(C)s5)c5ccsc5c6-c5ccc(C)s5)s4)c3nc2-c2cccc(OC)c2)c1,-0.184,-0.096,0.089,1.292,0.418,47.57
,,,Cc1csc(C=Cc2cccc3nsnc32)c1C,-0.201,-0.097,0.104,1.054,0.879,18.87
PC61BM,bulk,polymer,C=Cc1ccc2c3ccc(C=Cc4sc(-c5cc(C)cs5)cc4C)cc3n(-c3ccc(OC)cc3)c2c1,-0.181,-0.075,0.106,0.344,0.325,16.27
PC61BM,bulk,polymer,C=Cc1ccc2c3ccc(C=Cc4ccc(-c5ccc(C6=C(C)C(C)=C(c7ccc(-c8cccs8)s7)S6(=O)=O)s5)s4)cc3n(-c3ccc(OC)cc3)c2c1,-0.182,-0.103,0.079,1.723,0.357,74.57
PC61BM,bulk,molecule,Cc1cc2cc3c(C#C[Si](C)(C)C)c4cc5sc(C)cc5cc4c(C#C[Si](C)(C)C)c3cc2s1,-0.178,-0.095,0.083,0.99,0.244,62.54
PC71BM,bulk,polymer,CC1(C)c2ccsc2-c2cc3c(cc21)-c1sc(-c2ccc(-c4nc5sc(-c6cccs6)nc5s4)s2)cc1C3(C)C,-0.183,-0.094,0.089,1.153,0.38,46.73
PC61BM,bulk,polymer,C=Cc1ccc2c3ccc(C=Cc4sc(-c5ccc(-c6ccc(-c7cc(C)cs7)s6)s5)cc4C)cc3n(-c3ccc(OC)cc3)c2c1,-0.176,-0.086,0.091,0.554,0.197,43.42
PC71BM,bulk,polymer,COc1c(OC)c(-c2ccc(-c3cc4c(s3)c(-c3ccc(C)s3)c3ccsc3c4C3=S=C(C)C=C3)s2)c2nsnc2c1-c1cccs1,-0.183,-0.103,0.081,1.773,0.392,69.61
TiO2,DSSC,molecule,N#CC(=Cc1ccc(-c2ccc(-c3ccc(C=C(C#N)c4ccc([N+](=O)[O-])cc4)s3)c3c2C(=O)OC3=O)s1)c1ccc([N+](=O)[O-])cc1,-0.237,-0.142,0.095,4.15,1.855,34.46
PC61BM,bulk,molecule,COC(=O)C(C#N)=Cc1cc(C)c(-c2ccc(-c3sc(-c4cc5c(s4)-c4sc(-c6cc(C)c(-c7ccc(C8=S=C(C=C(C#N)C(=O)OC)C=C8C)s7)s6)cc4[Si]5(C)C)cc3C)s2)s1,-0.185,-0.114,0.071,2.999,0.43,107.4
PC71BM,bulk,polymer,CN1C(=O)C2=C(c3ccc(-c4ccccc4)s3)N(C)C(=O)C2=C1c1cccs1,-0.185,-0.102,0.083,1.782,0.434,63.19
PC71BM,bulk,molecule,Cc1ccc(-c2ccc(-c3cnc(-c4cc5c(s4)-c4sc(-c6ncc(-c7ccc(-c8ccc(C)s8)s7)c7nsnc76)cc4[Si]5(C)C)c4nsnc43)s2)s1,-0.18,-0.121,0.059,3.2,0.3,164.37
PC61BM,bulk,polymer,CC1(C)c2ccccc2-c2ccc(-c3ccc(-c4ccc(-c5ccc(C6=C(c7ccccc7)C(c7ccccc7)=C(c7ccc(-c8ccc(C9=S=CC=C9)s8)s7)[Si]6(C)C)s5)s4)s3)cc21,-0.171,-0.095,0.076,0.314,0.056,86.85
PC71BM,bulk,polymer,COCc1cc2csc(-c3cc4c(s3)c(OC)c3ccsc3c4OC)c2s1,-0.188,-0.069,0.119,0.213,0.527,6.27
PC61BM,bulk,polymer,Cn1c2ccccc2c2ccc(-c3ccc(-c4cnc(-c5cccs5)c5nsnc54)s3)cc21,-0.194,-0.114,0.08,3.172,0.677,72.09
PC61BM,bulk,polymer,COc1c2ccsc2c(OC)c2cc(-c3sc(-c4sc(-c5cc(C)cs5)c5c4C(=O)N(C)C5=O)cc3C)sc21,-0.189,-0.095,0.094,1.249,0.545,35.6
TiO2,DSSC,molecule,CC1(C)CC(C=Cc2ccc(N(c3ccc(N(c4ccccc4)c4ccccc4)cc3)c3ccc(N(c4ccccc4)c4ccccc4)cc3)cc2)=CC(=C(C#N)C(=O)O)C1,-0.181,-0.102,0.079,1.597,0.33,74.69
PC61BM,bulk,polymer,COc1c2cc(C)sc2c(OC)c2cc(-c3ccc(-c4sc(-c5ccc(C)s5)c5c4C(=O)N(C)C5=O)s3)sc21,-0.191,-0.095,0.096,1.228,0.586,32.39
PC61BM,bulk,polymer,Cc1c2ccsc2c(C)c2cc(-c3ccc(-c4cnc(-c5cccs5)c5nsnc54)s3)sc21,-0.191,-0.117,0.075,3.604,0.61,91.03
PC61BM,bulk,polymer,CC(=O)c1cc2c(csc2-c2cc3c(s2)c(C)c2ccsc2c3C)s1,-0.195,-0.095,0.101,1.097,0.711,23.84
PC71BM,bulk,molecule,Cc1cc(-c2ccc(N(c3ccccc3)c3ccccc3)cc2)sc1-c1cnc(-c2ncc(-c3sc(-c4ccc(N(c5ccccc5)c5ccccc5)cc4)cc3C)s2)s1,-0.179,-0.088,0.092,0.736,0.276,41.2
PC71BM,bulk,polymer,Cc1nc(-c2nc(C)c(-c3ccc(-c4cc5c(s4)-c4sccc4[Si]5(C)C)s3)s2)sc1-c1cccs1,-0.183,-0.092,0.091,1.051,0.374,43.36
PC71BM,bulk,polymer,Cc1ccc(C2(c3ccc(C)cc3)c3ccsc3-c3cc4c(cc32)-c2sc(-c3cccc5nc6c7ccsc7c7sccc7c6nc53)cc2C4(c2ccc(C)cc2)c2ccc(C)cc2)cc1,-0.186,-0.096,0.09,1.355,0.459,45.42
TiO2,DSSC,molecule,COc1ccc(N(c2ccc(C=Cc3cc4c(s3)-c3sc(C=C(C#N)C(=O)O)cc3C4(C)C)cc2)c2ccc(OC)cc2)cc1,-0.181,-0.104,0.077,1.724,0.318,83.35
PC61BM,bulk,polymer,Cn1c2ccsc2c2sc(-c3ccc(-c4ccc(-c5cccs5)c5nsnc54)s3)cc21,-0.255,-0.104,0.076,1.644,0.295,85.95
PC71BM,bulk,molecule,Cc1nc(-c2nc(C)c(-c3ccc(N(c4ccccc4)c4ccccc4)cc3)s2)sc1-c1ccc(N(c2ccccc2)c2ccccc2)cc1,-0.185,-0.076,0.109,0.388,0.438,13.64
PC71BM,bulk,polymer,CC1(C)c2ccsc2-c2cc3c(cc21)-c1sc(-c2ccc(-c4ccc(-c5cccs5)c5nsnc54)s2)cc1C3(C)C,-0.18,-0.105,0.075,1.728,0.298,89.21
PC61BM,bulk,polymer,c1csc(-c2cc(-c3cccs3)c(-c3cccs3)s2)c1,-0.198,-0.068,0.13,0.134,0.779,2.75
PC71BM,bulk,polymer,CN1c2ccccc2C(=C2c3ccc(-c4cc5c(s4)-c4sccc4[Si]5(C)C)cc3N(C)C2=O)C1=O,-0.192,-0.109,0.083,2.551,0.614,64.01
TiO2,DSSC,molecule,CC1(C)c2ccccc2-c2ccc(N(c3ccc(-c4ccc(C=C(C#N)C(=O)O)s4)cc3)c3ccc4c(c3)C(C)(C)c3ccccc3-4)cc21,-0.193,-0.104,0.089,2.019,0.657,47.3
PC61BM,bulk,molecule,COc1ccc(C=Cc2ccc(C=Cc3cc(C)c(C=Cc4ccc(C=Cc5cc(C)c(C=Cc6ccc(C=Cc7cc(C)c(C=O)cc7C)s6)cc5C)s4)cc3C)s2)cc1,-0.177,-0.101,0.076,1.093,0.203,86.11
TiO2,DSSC,molecule,COc1ccc(N(c2ccc(C=Cc3ccc(C=C(C#N)C(=O)O)s3)cc2)c2ccc(OC)cc2)cc1,-0.187,-0.104,0.084,1.962,0.496,60.84
PC61BM,bulk,molecule,Cc1cc(C=C2C(=O)c3ccccc3C2=O)sc1-c1cc(C)c(-c2cc(C)c(-c3ccc(-c4sc(-c5sc(C6=S=C(C=C7C(=O)c8ccccc8C7=O)C=C6C)cc5C)cc4C)s3)s2)s1,-0.184,-0.114,0.07,2.877,0.41,108.35
PC61BM,bulk,polymer,CC(=O)c1sc2csc(-c3cc4c(s3)c(C)c3ccsc3c4C)c2c1F,-0.198,-0.097,0.101,1.175,0.778,23.26
PC61BM,bulk,polymer,Cc1cc2c3ccsc3c3sc(-c4ccc(-c5cnc(-c6cccs6)c6nsnc65)s4)cc3c2cc1C,-0.19,-0.116,0.074,3.444,0.57,92.96
PC61BM,bulk,polymer,COC(=O)c1sc2csc(-c3cc4c(s3)c(OC)c3ccsc3c4OC)c2c1F,-0.195,-0.092,0.103,0.946,0.711,20.84
TiO2,DSSC,molecule,COc1ccc(N(c2ccc(OC)cc2)c2ccc(C(=Cc3ccc(C=C(C#N)C(=O)O)s3)c3ccc(N(c4ccc(OC)cc4)c4ccc(OC)cc4)cc3)cc2)cc1,-0.181,-0.099,0.082,1.338,0.312,66.35
PC61BM,bulk,polymer,C=Cc1sccc1C(=O)OC,-0.228,-0.071,0.158,0.0,1.611,0.0
TiO2,DSSC,molecule,N#CC(=Cc1ccc(N(c2ccccc2)c2ccccc2)cc1)C(=O)O,-0.209,-0.095,0.114,0.612,1.087,8.67
PC71BM,bulk,polymer,COc1c2sccc2c2cc(-c3cc(C)c(-c4nc5sc(-c6sccc6C)nc5s4)s3)sc2c1OC,-0.189,-0.092,0.097,1.057,0.543,29.96
PC61BM,bulk,molecule,COC(=O)C(C#N)=Cc1cc(C)c(-c2ccc(-c3sc(-c4ccc5c6ccc(-c7cc(C)c(-c8ccc(-c9sc(C=C(C#N)C(=O)OC)cc9C)s8)s7)cc6n(C)c5c4)cc3C)s2)s1,-0.193,-0.111,0.082,2.775,0.649,65.82
PC61BM,bulk,polymer,Cc1ccsc1-c1sc(-c2sc(-c3ccc4c(c3)C(C)(C)c3ccccc3-4)cc2C)c2nc3c(nc21)-c1cccc2cccc-3c12,-0.184,-0.096,0.088,1.288,0.409,49.8
PC71BM,bulk,polymer,Cc1ccc(C2(c3ccc(C)cc3)c3ccsc3-c3cc4c(cc32)-c2sc(-c3ccc(-c5ccc(C6=C7C(=O)N(C)C(c8cccs8)=C7C(=O)N6C)s5)s3)cc2C4(c2ccc(C)cc2)c2ccc(C)cc2)cc1,-0.177,-0.104,0.073,1.294,0.205,97.3
PC71BM,bulk,polymer,COC(=O)c1cc2c(csc2-c2cc3c(s2)c(OC)c2ccsc2c3OC)s1,-0.192,-0.089,0.103,0.817,0.636,20.15
PC71BM,bulk,polymer,COc1ccsc1-c1sc(-c2scc3c2C(=O)N(C)C3=O)cc1OC,-0.187,-0.084,0.103,0.651,0.492,21.12
PC61BM,bulk,polymer,COc1c2ccsc2c(OC)c2cc(-c3cc(C)c(-c4sc(-c5sccc5C)c5c4C(=O)N(C)C5=O)s3)sc21,-0.193,-0.09,0.102,0.882,0.644,21.38
PC61BM,bulk,polymer,Cc1nc2c3ccsc3c3sc(-c4ccc(-c5cnc(C6=S=CC=C6)c6nsnc65)s4)cc3c2nc1C,-0.193,-0.117,0.076,3.618,0.659,84.57
PC71BM,bulk,polymer,COc1cccc2c1ccc(-c1ccc(-c3ccc(-c4cccs4)c4nsnc43)s1)c2OC,-0.191,-0.104,0.087,2.003,0.596,51.75
PC61BM,bilayer,molecule,CC1(C)c2cc(-c3ccc(-c4ccc(C=C(C#N)C#N)s4)s3)ccc2-c2ccc(N(c3ccccc3)c3ccccc3)cc21,-0.194,-0.118,0.076,3.771,0.679,85.48
TiO2,DSSC,molecule,Cn1c2ccccc2c2cc(-c3cc4c(s3)-c3sc(C=C(C#N)C(=O)O)cc3C4(C)C)ccc21,-0.227,-0.116,0.11,1.758,0.708,45.07
PC61BM,bulk,polymer,Cn1c2ccccc2c2ccc(-c3ccc(-c4nnc(-c5cccs5)c5nccnc45)s3)cc21,-0.196,-0.113,0.083,2.997,0.746,61.84
PC71BM,bulk,polymer,CC(=O)c1cc2csc(-c3cc4c(s3)c(-c3ccc(C)s3)c3ccsc3c4-c3ccc(C)s3)c2s1,-0.191,-0.087,0.104,0.737,0.594,19.15
TiO2,DSSC,molecule,COc1ccc(N(c2ccc(OC)cc2)c2ccc(-c3ccc(C=C(C#N)C(=O)O)s3)cc2)cc1,-0.19,-0.101,0.09,1.71,0.574,45.82
PC71BM,bulk,polymer,Cc1cc(-c2c3ccsc3c(-c3cc(C)c(C)s3)c3cc(-c4ccc5c(c4)N(C)C(=O)C5=C4c5ccccc5N(C)C4=O)sc32)sc1C,-0.189,-0.111,0.078,2.734,0.533,79.03
TiO2,DSSC,molecule,Cn1c(-c2ccc(C=C(C#N)C(=O)O)s2)ccc1-c1ccc2c(c1)C(C)(C)c1cc(N(c3ccccc3)c3cccc4ccccc43)ccc1-2,-0.19,-0.102,0.088,1.821,0.577,48.56
PC71BM,bulk,polymer,Cn1c2ccccc2c2ccc(-c3ccc(C4=C5C(=O)N(C)C(c6cccs6)=C5C(=O)N4C)s3)cc21,-0.182,-0.101,0.081,1.598,0.358,68.78
TiO2,DSSC,molecule,C=Cc1ccc(N(c2ccccc2)c2ccc(C=C3SC(=S)N(CC(=O)O)C3=O)cc2)cc1,-0.181,-0.099,0.103,1.179,0.88,20.62
PC61BM,bulk,polymer,CC1(C)c2ccccc2-c2ccc(-c3ccc(-c4ccc(C5=C(c6ccccc6)C(c6ccccc6)=C(c6ccc(-c7cccs7)s6)[Si]5(C)C)s4)s3)cc21,-0.174,-0.092,0.082,0.581,0.138,64.7
PC61BM,bulk,polymer,COc1c2ccsc2c(OC)c2cc(-c3scc4sc(C(C)=O)cc43)sc21,-0.189,-0.093,0.09,1.088,0.556,30.96
TiO2,DSSC,molecule,N#CC(=Cc1ccc(C=Cc2ccc(N(c3ccccc3)c3ccccc3)cc2)s1)C(=O)O,-0.197,-0.108,0.089,2.313,0.75,47.45
TiO2,DSSC,molecule,N#CC(=CC=Cc1ccc(N(c2ccccc2)c2ccccc2)cc1)C(=O)O,-0.205,-0.088,0.085,1.277,0.819,20.31
PC71BM,bulk,polymer,COc1c2ccsc2c(OC)c2c1=S=C(c1ccc(-c3sc(-c4nc(C)c(-c5cccs5)s4)nc3C)s1)C=2,-0.188,-0.095,0.093,1.243,0.512,37.59
C60,bulk,molecule,Cn1c2cc(C=C(C#N)C#N)sc2c2sc(C=C(C#N)C#N)cc21,-0.238,-0.146,0.092,4.917,1.876,40.33
,,,Cc1csc(C#Cc2cccc3nsnc32)c1C,-0.207,-0.1,0.107,1.018,1.027,15.26
PC71BM,bulk,polymer,Cc1ccc(-c2c3ccsc3c(-c3ccc(C)s3)c3cc(-c4ccc(-c5nc6sc(-c7cccs7)nc6s5)s4)sc32)s1,-0.19,-0.096,0.094,1.339,0.564,36.58
PC71BM,bulk,polymer,CN1C(=O)c2csc(-c3cc4c(s3)-c3sccc3C4(C)C)c2C1=O,-0.2,-0.089,0.111,0.618,0.829,11.49
PC61BM,bulk,polymer,COc1c2ccsc2c(OC)c2cc(-c3sc(C4=S=Cc5ccccc54)c4ccccc43)sc21,-0.18,-0.089,0.09,0.818,0.294,44.09
PC71BM,bulk,polymer,COc1ccc(-c2nc3c(-c4cccs4)ccc(-c4ccc(-c5ccc6c7ccccc7n(C)c6c5)s4)c3nc2-c2ccc(OC)cc2)cc1,-0.186,-0.088,0.098,0.831,0.458,27.99
PC71BM,bulk,polymer,Cc1ccc(-c2c3sc4cc(-c5scc6cc(S(C)(=O)=O)sc65)sc4c3c(-c3ccc(C)s3)c3sc4ccsc4c32)s1,-0.192,-0.086,0.106,0.673,0.637,16.29
PC61BM,bulk,polymer,C#Cc1cc2c(s1)-c1sc(C#Cc3scc4nc(-c5ccccc5)c(-c5ccccc5)nc34)cc1C2(C)C,-0.187,-0.103,0.084,1.901,0.489,59.9
PC71BM,bulk,polymer,COc1c2ccsc2c(OC)c2cc(-c3scc4cc(C(C)=O)sc43)sc21,-0.193,-0.088,0.105,0.741,0.644,17.91
TiO2,DSSC,molecule,COc1ccc(N(c2ccc(OC)cc2)c2ccc(-c3ccc(C=C(C#N)C(=O)O)o3)cc2)cc1,-0.186,-0.094,0.092,1.227,0.459,41.15
PC61BM,bulk,molecule,CSc1ccc(-c2ccc(-c3csc(-c4cc(-c5ccc(-c6ccc(SC)s6)s5)sc4-c4sc(-c5ccc(-c6ccc(SC)s6)s5)cc4-c4ccc(-c5ccc(-c6ccc(SC)s6)s5)s4)c3)s2)s1,-0.189,-0.088,0.101,0.801,0.533,23.32
PC61BM,bulk,polymer,C=Cc1cc(OC)ccc1OC,-0.201,-0.038,0.163,0.0,0.869,0.0
PC71BM,bulk,polymer,COc1c2ccsc2c(OC)c2c1=S=C(c1cc(C)c(-c3sc(-c4nc(C)c(-c5sccc5C)s4)nc3C)s1)C=2,-0.187,-0.088,0.099,0.839,0.481,27.45
PC71BM,bulk,polymer,COc1c2ccsc2c(OC)c2cc(-c3scc4sc(C(C)=O)c(F)c43)sc21,-0.195,-0.096,0.099,1.208,0.714,26.62
TiO2,DSSC,molecule,CC1(C)c2cc(C=C(C#N)c3ccc(C=C(C#N)C(=O)O)s3)ccc2-c2ccc(N(c3ccccc3)c3ccccc3)cc21,-0.198,-0.118,0.08,3.703,0.795,71.69
PC71BM,bulk,molecule,Cc1ccc(-c2ccc(-c3c4cc(-c5cc(C)c(-c6ccc(-c7sc(C=C8SC(=S)N(C)C8=O)cc7C)s6)s5)sc4c(-c4ccc(-c5ccc(C)s5)s4)c4cc(-c5cc(C)c(-c6ccc(-c7sc(C=C8SC(=S)N(C)C8=O)cc7C)s6)s5)sc43)s2)s1,-0.185,-0.111,0.074,2.585,0.434,91.71
PC61BM,bulk,polymer,Cc1ccc(C2(c3ccc(C)cc3)c3ccsc3-c3cc4c(cc32)-c2sc(-c3ccc(-c5ccc(-c6cccs6)c6nsnc65)s3)cc2C4(c2ccc(C)cc2)c2ccc(C)cc2)cc1,-0.18,-0.105,0.075,1.723,0.298,88.98
PC61BM,bulk,polymer,Cn1c2ccccc2c2ccc(-c3ccc(-c4nnc(-c5cccs5)c5nonc54)s3)cc21,-0.205,-0.126,0.078,4.899,0.972,77.57
PC61BM,bulk,polymer,Cc1csc(-c2ccc(-c3cc(C)c(-c4cc5c(s4)c4sccc4c4cc(C)c(C)cc54)s3)c3nsnc32)c1,-0.185,-0.106,0.079,2.075,0.432,69.76
PC61BM,bulk,polymer,COc1ccc2c(c1)-c1cc(OC)c(-c3ccc(-c4ccc(-c5cccs5)c5nsnc54)s3)cc1[Si]2(C)C,-0.188,-0.103,0.086,1.887,0.528,55.31
TiO2,DSSC,molecule,Cn1c(-c2ccc(C=C(C#N)C(=O)O)s2)ccc1-c1ccc(N(c2ccccc2)c2ccccc2)cc1,-0.193,-0.102,0.091,1.802,0.648,42.83
PC61BM,bulk,polymer,Cc1ccc(-c2nc3c(nc2-c2ccc(C)cc2)c(-c2ccc(-c4ccc5c(c4)C(C)(C)c4ccccc4-5)s2)sc3-c2cccs2)cc1,-0.178,-0.101,0.077,1.304,0.244,82.39
PC61BM,bulk,polymer,CC1(C)c2ccccc2-c2cc3c(cc21)-c1ccc(-c2ccc(-c4ccc(-c5cccs5)c5nsnc54)s2)cc1C3(C)C,-0.189,-0.105,0.084,2.113,0.543,59.9
PC71BM,bulk,polymer,Cc1csc(-c2sc(-c3nc4cc5sc(-c6cc(C)c(-c7cc(C)cs7)s6)nc5cc4s3)cc2C)c1,-0.193,-0.09,0.102,0.891,0.642,21.43
PC61BM,bulk,molecule,COC(=O)C(C#N)=Cc1cc(C)c(-c2cc(C)c(-c3ccc(-c4sc(-c5sc(-c6cc7c(s6)c(OC)c6cc(-c8cc(C)c(-c9cc(C)c(-c%10ccc(-c%11sc(-c%12sc(C=C(C#N)C(=O)OC)cc%12C)cc%11C)s%10)s9)s8)sc6c7OC)cc5C)cc4C)s3)s2)s1,-0.182,-0.112,0.071,2.522,0.365,106.77
PC71BM,bulk,polymer,COC(=O)c1cc2c(-c3cccs3)sc(-c3ccc(-c4cc5c(s4)c(-c4ccc(C)s4)c4ccsc4c5-c4ccc(C)s4)s3)c2s1,-0.183,-0.097,0.086,1.311,0.374,53.98
PC71BM,bulk,polymer,Cc1ccsc1-c1nnc(-c2sc(-c3cc4c(s3)-c3sccc3C4(C)C)cc2C)nn1,-0.19,-0.096,0.094,1.327,0.57,35.83
PC61BM,bulk,molecule,COC(=O)C(C#N)=CC1=S=C(c2cc(C)c(-c3ccc(-c4sc(-c5sc(-c6ccc(-c7cc(C)c(-c8cc(C)c(-c9ccc(-c%10sc(C%11=S=C(C=C(C#N)C(=O)OC)C=C%11C)cc%10C)s9)s8)s7)c7nsnc76)cc5C)cc4C)s3)s2)C(C)=C1,-0.18,-0.117,0.063,2.785,0.294,145.96
PC71BM,bulk,polymer,CN1C(=O)C2=C(c3ccc(-c4ccc5ccccc5c4)s3)N(C)C(=O)C2=C1c1cccs1,-0.184,-0.103,0.081,1.874,0.419,68.78
TiO2,DSSC,molecule,CC1(C)c2ccccc2-c2ccc(N(c3ccc4cc(C=Cc5ccc(C=C(C#N)C(=O)O)s5)sc4c3)c3ccc4c(c3)C(C)(C)c3ccccc3-4)cc21,-0.188,-0.114,0.074,3.077,0.513,92.44
PC61BM,bulk,polymer,Cc1ccsc1-c1cc(C)c(-c2ccc(-c3cc(C)c(C4=S=C(c5ccc6c7cc8c(cc7n(C)c6c5)c5ccccc5n8C)C(C)=C4)s3)c3nsnc32)s1,-0.18,-0.102,0.078,1.488,0.292,79.53
PC71BM,bulk,polymer,C[Si]1(C)c2ccsc2-c2sc(-c3cccc4nonc43)cc21,-0.2,-0.103,0.097,1.644,0.842,30.1
TiO2,DSSC,molecule,COc1ccc(N(c2ccc(OC)cc2)c2ccc(-c3cc4c(s3)-c3sc(C=C(C#N)C(=O)O)cc3C4(C)C)cc2)cc1,-0.183,-0.102,0.081,1.687,0.383,67.74
PC71BM,bulk,polymer,COC(=O)c1cc2csc(-c3cc4c(s3)c(-c3ccc(C)s3)c3ccsc3c4-c3ccc(C)s3)c2s1,-0.187,-0.083,0.105,0.592,0.5,18.24
TiO2,DSSC,molecule,CC1(C)c2cc(-c3ccc(C=C(C#N)C(=O)O)s3)ccc2-c2ccc(N(c3ccccc3)c3cccc4ccccc43)cc21,-0.195,-0.106,0.088,2.19,0.694,48.56
PC61BM,bulk,molecule,C[Si](C)(C)C#Cc1c2ccccc2c2ccc3c(C#C[Si](C)(C)C)c4ccccc4c4ccc1c2c34,-0.186,-0.101,0.086,1.673,0.461,55.81
PC61BM,bulk,polymer,COc1cccc(C2N=c3c(-c4cccs4)ccc(-c4ccc(-c5ccc6c(c5)C(C)(C)c5ccccc5-6)s4)c3=NC2c2cccc(OC)c2)c1,-0.187,-0.116,0.071,3.376,0.491,105.86
PC71BM,bulk,polymer,Cc1csc(C2=NC3SC(c4cc(C)c(-c5cc6c(s5)-c5sccc5[Si]6(C)C)s4)=NC3S2)c1,-0.191,-0.083,0.109,0.541,0.606,13.77
PC61BM,bulk,polymer,Cn1c2ccsc2c2sc(-c3ccc(C4=C5C(=O)N(C)C(c6cccs6)=C5C(=O)N4C)s3)cc21,-0.177,-0.101,0.076,1.213,0.216,86.24
PC71BM,bulk,polymer,COc1c(OC)c(-c2ccc(-c3ccc(-c4ccc5c6ccccc6n(C)c5c4)s3)s2)c2nsnc2c1-c1ccc(-c2cccs2)s1,-0.18,-0.103,0.076,1.566,0.287,84.04
PC61BM,bulk,polymer,Cc1csc(-c2sc(-c3ccc(-c4cc(C)c(-c5cc(C)c(-c6ccc7c8cc9c(cc8n(C)c7c6)c6ccccc6n9C)s5)s4)c4nsnc43)cc2C)c1,-0.178,-0.104,0.074,1.498,0.249,92.79
PC71BM,bulk,polymer,Cc1ccsc1-c1ccc(-c2sc(-c3nc(C)c(-c4ccc(C5=S=C(c6cc7c(s6)-c6sccc6[Si]7(C)C)C=C5C)s4)s3)nc2C)s1,-0.177,-0.094,0.083,0.884,0.218,62.39
PC71BM,bulk,polymer,Cc1c2ccsc2c2sc(-c3ccc(C4=C5C(=O)N(C)C(c6cccs6)=C5C(=O)N4C)s3)cc2c1C,-0.183,-0.105,0.078,1.909,0.38,77.39
TiO2,DSSC,molecule,CC1(C)CC(C=Cc2ccc(N(c3ccccc3)c3ccc(N(c4ccccc4)c4ccccc4)cc3)cc2)=CC(=C(C#N)C(=O)O)C1,-0.187,-0.103,0.083,1.938,0.487,61.27
PC61BM,bulk,polymer,C=Cc1ccc2c3ccccc3n(-c3ccc(OC)cc3)c2c1,-0.203,-0.05,0.153,0.0,0.917,0.0
PC71BM,bulk,polymer,COc1c2ccsc2c(OC)c2cc(-c3scc4sc(S(C)(=O)=O)cc43)sc21,-0.196,-0.09,0.106,0.776,0.721,17.04
PC61BM,bulk,polymer,CC1=CC(c2ccc(-c3cc(C)c(-c4cc5c(s4)c4sccc4c4nc(C)c(C)nc54)s3)c3nsnc32)=S=C1,-0.188,-0.106,0.082,2.217,0.52,65.68
PC61BM,bulk,molecule,Cc1cc(C=C2C(=O)c3ccccc3C2=O)sc1-c1cc(C)c(-c2ccc(-c3sc(C4=S=C(C=C5C(=O)c6ccccc6C5=O)C=C4C)cc3C)s2)s1,-0.192,-0.117,0.075,3.626,0.625,89.54
PC71BM,bulk,polymer,CN1C(=O)c2csc(-c3cc4c(s3)-c3sccc3[Si]4(C)C)c2C1=O,-0.202,-0.09,0.112,0.631,0.883,101.0
PC71BM,bulk,polymer,Cn1c2ccccc2c2ccc(-c3ccc(-c4ccc(-c5cccs5)c5nsnc54)s3)cc21,-0.191,-0.104,0.087,2.052,0.596,53.02
PC71BM,bulk,molecule,Cc1ccc(-c2ccc(-c3ncc(-c4cc5c(s4)-c4sc(-c6cnc(-c7ccc(-c8ccc(C)s8)s7)c7nsnc76)cc4[Si]5(C)C)c4nsnc43)s2)s1,-0.178,-0.118,0.06,2.582,0.25,158.79
PC71BM,bulk,polymer,COc1c2cc(-c3cc4c(s3)-c3sc(C5=NC6SC(c7cc8c(s7)-c7sccc7[Si]8(C)C)=NC6S5)cc3[Si]4(C)C)sc2c(OC)c2ccsc21,-0.188,-0.089,0.099,0.889,0.524,26.31
PC61BM,bulk,molecule,Cc1csc(-c2cc3c4nsnc4c(-c4cc(C)cs4)cc3c3nsnc32)c1,-0.2,-0.113,0.087,2.819,0.849,51.15
PC61BM,bulk,polymer,Cn1c(-c2ccc(-c3cccc4nsnc43)s2)ccc1C1=S=CC=C1,-0.186,-0.099,0.087,1.557,0.47,51.16
PC71BM,bulk,polymer,CC1(C)c2ccsc2-c2cc3c(cc21)-c1sc(-c2cccc4nsnc42)cc1C3(C)C,-0.188,-0.099,0.089,1.57,0.51,47.37
PC61BM,bulk,molecule,CSc1ccc(-c2ccc(-c3ccc([Si](c4ccc(-c5ccc(-c6ccc(SC)s6)s5)s4)(c4ccc(-c5ccc(-c6ccc(SC)s6)s5)s4)c4ccc(-c5ccc(-c6ccc(SC)s6)s5)s4)s3)s2)s1,-0.194,-0.082,0.112,0.469,0.675,11.13
PC61BM,bulk,polymer,Cc1cc(-c2ccc(-c3cc(C)c(-c4cccs4)s3)c3nsnc32)sc1-c1cccs1,-0.185,-0.106,0.079,2.109,0.424,76.67
TiO2,DSSC,molecule,COc1ccc(N(c2ccc(C=Cc3sc(C=C(C#N)C(=O)O)c4c3OCCO4)cc2)c2ccc(OC)cc2)cc1,-0.182,-0.097,0.086,1.299,0.359,55.7
PC71BM,bulk,polymer,Cc1ccsc1-c1ccc(-c2sc(-c3ccc4c(c3)N(C)C(=O)C4=C3c4ccccc4N(C)C3=O)cc2C)s1,-0.187,-0.11,0.076,2.685,0.489,84.75
PC71BM,bulk,molecule,CN1C(=O)C2=C(c3ccc(-c4cc5ccccc5o4)s3)N(C)C(=O)C2=C1c1ccc(-c2cc3ccccc3o2)s1,-0.184,-0.111,0.073,2.58,0.409,97.28
PC71BM,bulk,polymer,CN1C(=O)C2=C(c3cc4sc(-c5cccs5)cc4s3)N(C)C(=O)C2=C1c1cc2sccc2s1,-0.182,-0.106,0.076,1.967,0.357,84.92
TiO2,DSSC,molecule,CC1(C)c2ccccc2-c2ccc(N(c3ccc(-c4ccc(C=CC=C(C#N)C(=O)O)s4)cc3)c3ccc4c(c3)C(C)(C)c3ccccc3-4)cc21,-0.191,-0.11,0.081,2.682,0.609,67.9
PC61BM,bulk,polymer,CC1(C)c2ccccc2-c2ccc(-c3ccc(N(c4ccccc4)c4ccc(C=Cc5ccc(C=C(C#N)C#N)s5)cc4)cc3)cc21,-0.198,-0.115,0.083,3.244,0.784,63.7
PC71BM,bulk,polymer,COc1cc2c3ccsc3c3sc(-c4sc(-c5ccc(-c6cc(C)cs6)c6nsnc65)cc4C)cc3c2cc1OC,-0.186,-0.106,0.08,2.127,0.454,72.35
PC61BM,bilayer,molecule,N#CC(C#N)=Cc1ccc(-c2ccc(N(c3ccc(-c4ccc(C=C(C#N)C#N)s4)cc3)c3ccc(-c4ccc(C=C(C#N)C#N)s4)cc3)cc2)s1,-0.222,-0.132,0.09,4.166,1.441,44.5
PC71BM,bulk,polymer,Cc1ccsc1-c1nc2sc(-c3sc(-c4cc5c(s4)c(C#C[Si](C)(C)C)c4ccsc4c5C#C[Si](C)(C)C)cc3C)nc2s1,-0.192,-0.099,0.093,1.534,0.625,37.79
PC61BM,bulk,polymer,COc1cc(OC)cc(-c2nc3c(nc2-c2cc(OC)cc(OC)c2)c(-c2cccs2)sc3-c2cccs2)c1,-0.183,-0.099,0.084,1.442,0.378,58.81
PC71BM,bulk,polymer,Cn1c2ccccc2c2ccc(-c3ccc(-c4ccc(-c5cccs5)c5nccnc45)s3)cc21,-0.19,-0.096,0.088,1.297,0.57,35.02
PC61BM,bulk,polymer,Cc1nc2c(-c3cccs3)nnc(-c3ccc(-c4ccc5c6ccccc6n(C)c5c4)s3)c2nc1C,-0.193,-0.104,0.09,1.956,0.663,45.45
PC61BM,bulk,polymer,CC1(C)c2ccccc2-c2cc3c(cc21)-c1ccc(-c2ccc(-c4ccc(-c5cccs5)c5c4=NC(c4ccccc4)C(c4ccccc4)N=5)s2)cc1C3(C)C,-0.185,-0.116,0.07,3.217,0.443,111.94
TiO2,DSSC,molecule,Cc1cc(C)cc(-c2ccc(N(c3ccc(-c4cc5c(s4)-c4sc(C=C(C#N)C(=O)O)cc4C5(C)C)cc3)c3ccc(-c4cc(C)cc(C)c4)cc3)cc2)c1,-0.188,-0.105,0.084,2.06,0.525,60.43
PC61BM,bulk,molecule,COC(=O)C(C#N)=Cc1cc(C)c(-c2ccc(-c3sc(-c4ccc5c(c4)C(C)(C)c4cc(-c6cc(C)c(-c7ccc(-c8sc(C=C(C#N)C(=O)OC)cc8C)s7)s6)ccc4-5)cc3C)s2)s1,-0.193,-0.112,0.082,2.881,0.66,67.23
PC61BM,bulk,molecule,COc1ccc(C=Cc2ccc(C=Cc3cc(OC)c(C=Cc4ccc(C=Cc5cc(OC)c(C=Cc6ccc(C=Cc7cc(OC)c(C=O)cc7OC)s6)cc5OC)s4)cc3OC)s2)cc1,-0.171,-0.094,0.077,0.235,0.046,83.17
TiO2,DSSC,molecule,N#CC(=Cc1ccc(-c2cc(-c3ccc(-c4ccc(N(c5ccccc5)c5ccccc5)cc4)s3)c(-c3ccc(-c4ccc(N(c5ccccc5)c5ccccc5)cc4)s3)s2)s1)C(=O)O,-0.186,-0.111,0.075,2.597,0.45,88.85
PC61BM,bulk,polymer,Cc1csc(-c2sc(-c3cc(C)c(-c4cccs4)s3)c3sc(C(F)(F)C(F)(F)C(F)(F)C(F)(F)C(F)(F)C(F)(F)F)cc23)c1,-0.187,-0.093,0.094,1.153,0.501,35.54
PC71BM,bulk,polymer,Cc1ccsc1-c1nc2sc(-c3sc(-c4ccc5c6ccccc6n(C)c5c4)cc3C)nc2s1,-0.19,-0.087,0.103,0.767,0.57,20.72
TiO2,DSSC,molecule,CC1(C)c2ccccc2-c2ccc(N(c3ccc(-c4cc5sc(C=C(C#N)C(=O)O)cc5s4)cc3)c3ccc4c(c3)C(C)(C)c3ccccc3-4)cc21,-0.192,-0.107,0.085,2.311,0.616,57.81
TiO2,DSSC,molecule,N#CC(=Cc1ccc(OCCCCCCOc2ccc(C=C(C#N)c3ccc([N+](=O)[O-])cc3)cc2O)c(O)c1)c1ccc([N+](=O)[O-])cc1,-0.23,-0.113,0.118,0.748,1.67,6.9
TiO2,DSSC,molecule,CC1(C)c2ccccc2-c2ccc(N(c3ccc4cc(C=Cc5ccc(C=C(C#N)C(=O)O)s5)oc4c3)c3ccc4c(c3)C(C)(C)c3ccccc3-4)cc21,-0.187,-0.114,0.072,3.125,0.485,99.12
PC61BM,bulk,polymer,Cc1c2cc(-c3ccc(-c4ccc(-c5cccs5)c5nn(C)nc54)s3)sc2c(C)c2ccsc21,-0.185,-0.089,0.096,0.927,0.44,32.47
PC61BM,bulk,molecule,C(=Cc1cccc2nsnc21)c1ccc(N(c2ccc(C=Cc3cccc4nsnc43)cc2)c2ccc(C=Cc3cccc4nsnc43)cc2)cc1,-0.187,-0.102,0.085,1.825,0.498,56.43
PC71BM,bulk,molecule,C[Si]1(C)c2cc(-c3cnc(-c4cccs4)c4nsnc43)sc2-c2sc(-c3cnc(-c4cccs4)c4nsnc43)cc21,-0.187,-0.12,0.067,3.923,0.483,125.02
PC61BM,bulk,polymer,Cc1ccsc1-c1ccc(-c2ccc(-c3sccc3C)s2)s1,-0.185,-0.074,0.111,0.32,0.426,11.89
PC61BM,bulk,molecule,c1csc(-c2ccc(-c3ccc(-c4c(-c5ccc(-c6cccs6)s5)sc(-c5ccc(-c6cccs6)s5)c4-c4ccc(-c5ccc(-c6cccs6)s5)s4)s3)s2)c1,-0.184,-0.085,0.099,0.701,0.415,26.09
PC71BM,bulk,polymer,Cc1cc(-c2cc(C)c(C3=S=CC=C3)s2)sc1-c1ccc(-c2cccc3nsnc32)s1,-0.185,-0.102,0.082,1.75,0.42,64.21
PC71BM,bulk,polymer,Cc1ccc(C2(c3ccc(C)cc3)c3ccsc3-c3cc4c(cc32)-c2sc(-c3cncc5nc6c7ccsc7c7sccc7c6nc53)cc2C4(c2ccc(C)cc2)c2ccc(C)cc2)cc1,-0.188,-0.106,0.082,2.224,0.52,65.9
PC61BM,bulk,polymer,C[Si]1(C)c2ccccc2-c2ccc(-c3ccc(-c4ccc(C5=C(c6ccccc6)C(c6ccccc6)=C(c6ccc(-c7cccs7)s6)[Si]5(C)C)s4)s3)cc21,-0.174,-0.092,0.082,0.562,0.135,64.51
PC61BM,bulk,polymer,Cc1csc(-c2cc(-c3ccc(C)s3)c(-c3ccc(C4=C5C(=O)N(C)C(c6cccs6)=C5C(=O)N4C)s3)s2)c1,-0.18,-0.103,0.077,1.576,0.293,82.87
PC61BM,bulk,polymer,Cc1c2cc(-c3ccc(-c4c5nn(C)nc5c(-c5cccs5)c(F)c4F)s3)sc2c(C)c2ccsc21,-0.188,-0.093,0.095,1.152,0.527,33.65
PC61BM,bulk,polymer,C=Cc1ccc2c3ccc(C=Cc4cccs4)cc3n(-c3ccc(OC)cc3)c2c1,-0.19,-0.07,0.12,0.222,0.577,5.93
PC61BM,bulk,polymer,COc1ccsc1-c1ccc(-c2sc(-c3ccc4c(c3)C(C)(C)c3ccccc3-4)cc2OC)c2nsnc21,-0.182,-0.089,0.093,0.848,0.349,39.52
PC61BM,bulk,polymer,COC(=O)c1cc2csc(-c3ccc(-c4ccc(-c5sc(-c6ccc(-c7sccc7C)s6)cc5C)s4)s3)c2s1,-0.177,-0.089,0.088,0.701,0.22,49.18
PC71BM,bulk,molecule,Cc1nc(-c2nc(C)c(-c3ccc(-c4ccc(-c5ccc(N(c6ccccc6)c6ccccc6)cc5)s4)s3)s2)sc1-c1ccc(-c2ccc(-c3ccc(N(c4ccccc4)c4ccccc4)cc3)s2)s1,-0.178,-0.094,0.085,0.94,0.252,57.92
PC71BM,bulk,polymer,COC(=O)c1sc2c(-c3ccc(-c4cc5c(s4)c(-c4cc(F)c(C)s4)c4ccsc4c5-c4cc(F)c(C)s4)s3)sc(-c3cccs3)c2c1F,-0.189,-0.101,0.088,1.728,0.54,49.34
PC71BM,bulk,polymer,CC1(C)c2ccsc2-c2sc(-c3c4nsnc4cc(F)c3F)cc21,-0.197,-0.105,0.092,2.006,0.747,41.35
PC71BM,bulk,polymer,COc1c(OC)c(-c2cc3sc(-c4cc5c(s4)c(-c4ccc(C)s4)c4ccsc4c5-c4ccc(C)s4)cc3s2)c2nsnc2c1-c1cc2sccc2s1,-0.183,-0.105,0.078,1.945,0.383,78.27
PC61BM,bulk,polymer,COc1csc2c1C(C)(C)c1cc(-c3scc4c3C(=O)N(C)C4=O)sc1-2,-0.198,-0.087,0.11,0.622,0.774,12.36
PC71BM,bulk,polymer,Cc1csc(-c2cc(C)c(-c3scc4c3C(=O)N(C)C4=O)s2)c1,-0.206,-0.086,0.12,0.389,0.999,6.13
PC71BM,bulk,molecule,Cc1ccc(-c2ccc(-c3ccc(C4=C5C(=O)N(C)C(c6ccc(-c7ccc(C8=S=C(C)C=C8)s7)s6)=C5C(=O)N4C)s3)s2)s1,-0.174,-0.107,0.067,1.084,0.136,122.46
PC61BM,bulk,polymer,COc1ccc(N(c2ccc(OC)cc2)c2ccc(C3c4ccccc4-c4ccc(-c5ccc(-c6c7nsnc7c(-c7cccs7)c7nc(-c8ccccc8)c(-c8ccccc8)nc76)s5)cc43)cc2)cc1,-0.178,-0.123,0.056,2.958,0.245,186.43
PC61BM,bulk,polymer,Cn1c2ccccc2c2ccc(-c3ccc(-c4cnc(-c5cccs5)c5nonc54)s3)cc21,-0.199,-0.118,0.081,3.66,0.817,68.97
TiO2,DSSC,molecule,CC1(C)c2ccccc2-c2ccc(N(c3ccc(-c4cc5sc6cc(C=C(C#N)C(=O)O)sc6c5s4)cc3)c3ccc4c(c3)C(C)(C)c3ccccc3-4)cc21,-0.19,-0.108,0.082,2.476,0.58,65.67
PC61BM,bulk,polymer,Cn1c2ccccc2c2ccc(-c3ccc(-c4ccc(-c5cccs5)c5nonc54)s3)cc21,-0.196,-0.108,0.088,2.396,0.73,50.52
PC61BM,bilayer,molecule,C(=Cc1ccc(-c2ccc(N(c3ccc(-c4ccc(C=Cc5cccs5)s4)cc3)c3ccc(-c4ccc(C=Cc5cccs5)s4)cc3)cc2)s1)c1cccs1,-0.176,-0.081,0.095,0.404,0.185,33.61
PC71BM,bulk,polymer,Cc1csc(-c2nc3sc(-c4cc(C)c(-c5cc6c(s5)-c5sccc5[Si]6(C)C)s4)nc3s2)c1,-0.184,-0.092,0.092,1.03,0.397,40.13
PC71BM,bulk,polymer,CC1(C)c2ccccc2-c2ccc(-c3ccc(-c4ccc(-c5cccs5)c5nsnc54)s3)cc21,-0.192,-0.105,0.087,2.101,0.623,51.92
TiO2,DSSC,molecule,Cc1cc(C=C(C#N)C(=O)O)sc1-c1cc(C)c(-c2cc(C)c(-c3cc4ccc(N(c5ccc6c(c5)C(C)(C)c5ccccc5-6)c5ccc6c(c5)C(C)(C)c5ccccc5-6)cc4s3)s2)s1,-0.181,-0.111,0.07,2.369,0.336,108.58
PC61BM,bulk,polymer,COc1cccc(-c2nc3c(-c4cccs4)ccc(-c4ccc(-c5ccc6c(c5)C(C)(C)c5ccccc5-6)s4)c3nc2-c2cccc(OC)c2)c1,-0.19,-0.093,0.096,1.137,0.558,31.39
TiO2,DSSC,molecule,CC1(C)c2cc(-c3ccc(C=C(C#N)C(=O)O)s3)ccc2-c2ccc(N(c3ccccc3)c3ccc4ccc5cccc6ccc3c4c56)cc21,-0.192,-0.106,0.086,2.258,0.623,55.78
TiO2,DSSC,molecule,N#CC(=Cc1ccc(-c2ccc(-c3cc(-c4ccc(-c5ccc(N(c6ccccc6)c6ccccc6)cc5)s4)c(-c4ccc(-c5ccc(N(c6ccccc6)c6ccccc6)cc5)s4)s3)s2)s1)C(=O)O,-0.184,-0.112,0.072,2.714,0.411,101.95
PC61BM,bulk,polymer,COc1cccc(-c2nc3cccc(-c4cccs4)c3nc2-c2cccc(OC)c2)c1,-0.212,-0.085,0.127,0.248,1.171,3.27
TiO2,DSSC,molecule,COc1ccc(N(c2ccc(OC)cc2)c2ccc3c(c2)C(C)(C)c2c-3c3c(c4c2-c2ccc(N(c5ccc(OC)cc5)c5ccc(OC)cc5)cc2C4(C)C)-c2ccc(-c4ccc(C=C(C#N)C(=O)O)s4)cc2C3(C)C)cc1,-0.177,-0.105,0.072,1.427,0.219,100.13
PC61BM,bulk,polymer,CC1(C)c2ccccc2-c2cc3c(cc21)-c1cc2c(cc1C3(C)C)-c1ccc(-c3ccc(-c4ccc(-c5cccs5)c5nsnc54)s3)cc1C2(C)C,-0.187,-0.105,0.082,2.087,0.494,65.06
PC71BM,bulk,polymer,COc1c2cc(-c3ccc(C4=C5C(=O)N(C)C(c6cccs6)=C5C(=O)N4C)s3)sc2c(OC)c2ccsc21,-0.183,-0.106,0.078,1.988,0.384,79.7
PC71BM,bulk,polymer,COc1c2cc(-c3cccs3)sc2c(OC)c2cc(-c3ccc(-c4ccc5c(c4)N(C)C(=O)C5=C4c5ccccc5N(C)C4=O)s3)sc21,-0.19,-0.113,0.077,3.017,0.561,82.8
C60,bilayer,molecule,Cc1ccc(-c2ccc(-c3ccc(-c4ccc(N(c5ccc(-c6ccc(-c7ccc(-c8ccc(C)s8)s7)s6)cc5)c5ccc(-c6ccc(-c7ccc(-c8ccc(C)s8)s7)s6)cc5)cc4)s3)s2)s1,-0.174,-0.078,0.096,0.283,0.133,32.87
TiO2,DSSC,molecule,N#CC(=Cc1cc(-c2ccc(-c3ccc(N(c4ccccc4)c4ccccc4)cc3)s2)c(-c2ccc(-c3ccc(N(c4ccccc4)c4ccccc4)cc3)s2)s1)C(=O)O,-0.186,-0.107,0.079,2.251,0.466,74.54
PC61BM,bulk,polymer,COC(=O)c1cc2csc(-c3cc4c(s3)c(C)c3ccsc3c4C)c2s1,-0.192,-0.083,0.109,0.554,0.613,13.95
PC71BM,bulk,polymer,COC(=O)c1sc2c(-c3ccc(-c4cc5c(s4)c(-c4ccc(OC)cc4)c4ccsc4c5-c4ccc(OC)cc4)s3)sc(-c3cccs3)c2c1F,-0.184,-0.097,0.087,1.328,0.393,52.04
PC61BM,bulk,molecule,COC(=O)C(C#N)=Cc1cc(C)c(-c2ccc(-c3sc(-c4cc5c(s4)c(OC)c4cc(-c6cc(C)c(-c7ccc(-c8sc(C=C(C#N)C(=O)OC)cc8C)s7)s6)sc4c5OC)cc3C)s2)s1,-0.191,-0.114,0.076,3.217,0.586,84.87
TiO2,DSSC,molecule,Cn1c(-c2ccc(C=C(C#N)C(=O)O)s2)ccc1-c1ccc2c(c1)C(C)(C)c1cc(N(c3ccccc3)c3ccccc3)ccc1-2,-0.19,-0.102,0.088,1.855,0.579,49.31
TiO2,DSSC,molecule,Cn1c(-c2ccc(C=C(C#N)C(=O)O)s2)ccc1-c1ccc2c(c1)C(C)(C)c1cc(N(c3ccccc3)c3ccccc3)ccc1-2,-0.19,-0.102,0.088,1.83,0.582,48.45
PC61BM,bulk,molecule,COC(=O)C(C#N)=Cc1cc(C)c(-c2cc(C)c(-c3ccc(-c4sc(-c5sc(C=C(C#N)C(=O)OC)cc5C)cc4C)s3)s2)s1,-0.198,-0.119,0.079,3.831,0.777,76.05
PC71BM,bulk,polymer,C[Si]1(C)c2ccsc2-c2sc(-c3nc4sc(-c5cc6c(s5)-c5sc(-c7cc8sccc8s7)cc5[Si]6(C)C)nc4s3)cc21,-0.18,-0.096,0.084,1.156,0.298,59.68
PC61BM,bulk,polymer,COc1c2ccsc2c(OC)c2cc(-c3sc(-c4scc5c4C4C=CC5CC4(C)C)c4c3C3C=CC4C(C)(C)C3)sc21,-0.188,-0.066,0.122,0.174,0.51,5.27
PC71BM,bulk,polymer,CN1C(=O)C2=C(c3ccc(-c4cc5c(s4)-c4sccc4[Si]5(C)C)s3)N(C)C(=O)C2=C1c1cccs1,-0.179,-0.103,0.076,1.483,0.271,84.26
PC71BM,bulk,polymer,COc1c2ccsc2c(OC)c2c1=S=C(c1cc(C)c(-c3ccc(-c4sc(-c5nc(C)c(-c6ccc(-c7sccc7C)s6)s5)nc4C)s3)s1)C=2,-0.181,-0.096,0.085,1.166,0.318,56.6
PC61BM,bulk,polymer,Cc1ccsc1-c1sc(-c2sc(-c3ccc4c(c3)C(C)(C)c3ccccc3-4)cc2C)c2nc3c4ccccc4c4ccccc4c3nc21,-0.187,-0.105,0.081,2.114,0.479,68.05
PC61BM,bulk,polymer,C#Cc1cc2c(s1)c1sc(C#Cc3scc4nc(-c5ccccc5)c(-c5ccccc5)nc34)cc1n2C,-0.185,-0.101,0.084,1.69,0.434,59.9
TiO2,DSSC,molecule,CC1(C)c2cc(-c3ccc(C=C(C#N)C(=O)O)s3)ccc2-c2ccc(N(c3ccccc3)c3c4ccccc4cc4ccccc43)cc21,-0.194,-0.106,0.088,2.155,0.671,49.44
PC61BM,bilayer,molecule,CC1(C)c2cc(-c3ccc(-c4ccc(-c5ccc(-c6ccc(C=C(C#N)C#N)s6)s5)s4)s3)ccc2-c2ccc(N(c3ccccc3)c3ccccc3)cc21,-0.189,-0.121,0.068,4.135,0.534,119.15
PC61BM,bulk,polymer,Cc1ccsc1-c1nc2sc(-c3sc(-c4cc(C)c(-c5nc6sc(-c7sccc7C)nc6s5)s4)cc3C)nc2s1,-0.188,-0.103,0.085,1.921,0.516,57.33
TiO2,DSSC,molecule,CC1(C)CC(C=Cc2ccc(N(c3ccccc3)c3ccccc3)cc2)=CC(=C(C#N)C(=O)O)C1,-0.197,-0.105,0.093,1.935,0.761,39.15
TiO2,DSSC,molecule,COc1ccc(N(c2ccc(OC)cc2)c2ccc(-c3ccc(-c4ccc(C=C(C#N)C(=O)O)s4)s3)cc2)cc1,-0.186,-0.106,0.079,2.168,0.45,74.14
PC71BM,bulk,polymer,Cc1ccc(-c2nc3c(-c4cccs4)ccc(-c4ccc(-c5ccc6c7ccccc7n(C)c6c5)s4)c3nc2-c2ccc(C)s2)s1,-0.187,-0.091,0.096,1.017,0.485,32.29
C60,bulk,molecule,Cn1c2ccc(C=C(C#N)C#N)cc2c2cc(C=C(C#N)C#N)ccc21,-0.244,-0.121,0.123,0.606,2.033,4.59
PC71BM,bulk,polymer,COc1c2ccsc2c(OC)c2cc(-c3sc(-c4ccc(-c5cc(C)cs5)c5nsnc54)cc3C)sc21,-0.185,-0.106,0.079,2.142,0.446,74.65
PC71BM,bulk,polymer,COC(=O)c1sc2c(-c3ccc(-c4cc5c(s4)c(-c4ccc(C)s4)c4ccsc4c5-c4ccc(C)s4)s3)sc(-c3cccs3)c2c1F,-0.184,-0.098,0.086,1.45,0.417,53.55
PC71BM,bulk,polymer,Cc1csc(-c2cc3c4nsnc4c(-c4cc(C)c(-c5cc6c(s5)c(-c5cc(C)c(C)s5)c5ccsc5c6C5=S=C(C)C(C)=C5)s4)cc3c3nsnc32)c1,-0.184,-0.114,0.07,2.909,0.412,108.88
PC71BM,bulk,polymer,COC(=O)c1cc2csc(-c3cc4c(s3)c(OC)c3ccsc3c4OC)c2s1,-0.192,-0.083,0.109,0.553,0.625,13.71
ICBA,bulk,polymer,Cc1ccsc1,-0.232,-0.013,0.219,0.0,1.713,0.0
PC71BM,bulk,polymer,COc1c2cc(-c3cc4c(s3)-c3sc(-c5nc6sc(-c7cc8c(s7)-c7sccc7[Si]8(C)C)nc6s5)cc3[Si]4(C)C)sc2c(OC)c2ccsc21,-0.18,-0.097,0.083,1.2,0.298,61.98
PC71BM,bulk,polymer,COCc1sc2c(csc2-c2cc3c(s2)c(OC)c2ccsc2c3OC)c1F,-0.19,-0.073,0.117,0.271,0.572,7.34
PC61BM,bulk,polymer,C#Cc1sc(C#Cc2scc3nc(-c4ccccc4)c(-c4ccccc4)nc23)c(C)c1C,-0.196,-0.102,0.094,1.709,0.73,36.03
PC61BM,bulk,molecule,CC1(C)c2ccccc2-c2ccc(-c3cc4c5cccc6c7cccc8c9cc(-c%10ccc%11c(c%10)C(C)(C)c%10ccccc%10-%11)cc%10c%11cccc%12c%13cccc%14c(c3)c4c3c(c65)c(c78)c(c9%10)c(c%12%11)c3c%13%14)cc21,-0.197,-0.076,0.121,0.279,0.75,5.72
PC61BM,bulk,molecule,COC(=O)C(C#N)=Cc1cc(C)c(-c2cc(C)c(-c3cc(C)c(-c4cc5cc6sc(-c7sc(-c8sc(-c9sc(C=C(C#N)C(=O)OC)cc9C)cc8C)cc7C)cc6cc5s4)s3)s2)s1,-0.19,-0.114,0.076,3.187,0.569,86.62
PC61BM,bulk,polymer,Cc1ccsc1-c1sc(-c2sc(C3=S=C(c4sccc4C)C=C3C)cc2C)c2nc3c4ccccc4c4ccccc4c3nc21,-0.178,-0.105,0.073,1.553,0.253,97.23
PC61BM,bulk,molecule,COC(=O)C(C#N)=Cc1cc(C)c(-c2cc(C)c(-c3cc(C)c(-c4ccc(-c5sc(-c6sc(-c7sc(C=C(C#N)C(=O)OC)cc7C)cc6C)cc5C)s4)s3)s2)s1,-0.188,-0.115,0.073,3.204,0.512,96.73
PC71BM,bulk,polymer,Cc1csc(-c2ccc(-c3cc(C)c(-c4cc5c(s4)c(-c4cc(C)c(C)s4)c4ccsc4c5-c4cc(C)c(C)s4)s3)c3nsnc32)c1,-0.182,-0.105,0.077,1.907,0.365,80.54
TiO2,DSSC,molecule,N#CC(=Cc1ccc(-c2ccc(-c3ccc(C=C(C#N)c4ccc([N+](=O)[O-])cc4)s3)c3c2C(=O)N(c2ccc(C(=O)O)cc2)C3=O)s1)c1ccc([N+](=O)[O-])cc1,-0.234,-0.138,0.096,3.679,1.771,32.04
C60,bulk,polymer,Cc1nc(-c2nc(C)c(-c3ccc(-c4ccc5c(c4)C(C)(C)c4ccccc4-5)s3)s2)sc1-c1cccs1,-0.19,-0.091,0.099,0.993,0.566,27.03
PC71BM,bulk,polymer,Cc1cc(C)c(-c2c3cc(-c4ccc(-c5ccc(-c6cccs6)c6nsnc65)s4)sc3c(-c3sc(C)cc3C)c3ccsc32)s1,-0.189,-0.108,0.081,2.402,0.543,68.08
PC71BM,bulk,polymer,CN1C(=O)C2=C(c3ccc(-c4cc5c(s4)-c4sccc4C5(C)C)s3)N(C)C(=O)C2=C1c1cccs1,-0.178,-0.103,0.075,1.385,0.244,87.5
PC61BM,bulk,polymer,CN1C(=O)C2=C(c3ccc(-c4ccc5c(c4)C(C)(C)c4ccccc4-5)s3)N(C)C(=O)C2=C1c1cccs1,-0.183,-0.102,0.081,1.728,0.38,70.03
TiO2,DSSC,molecule,Cn1c(-c2ccc(C=C(C#N)C(=O)O)s2)ccc1-c1ccc2c(c1)c1cc(N(c3ccccc3)c3ccccc3)ccc1n2C,-0.188,-0.1,0.088,1.672,0.514,50.08
TiO2,DSSC,molecule,N#CC(=Cc1ccc(C(C#N)=Cc2ccc(-c3ccc(N(c4ccccc4)c4ccccc4)cc3)s2)s1)C(=O)O,-0.2,-0.12,0.08,3.969,0.847,72.09
PC71BM,bulk,polymer,COc1cccc(-c2nc3c(-c4cccs4)ccc(-c4ccc(-c5cc6c(s5)c(OC)c5ccsc5c6OC)s4)c3nc2-c2cccc(OC)c2)c1,-0.187,-0.096,0.091,1.327,0.484,42.24
PC71BM,bulk,molecule,Cc1ccc(-c2ccc(-c3cc(F)c(-c4cc5c(s4)-c4sc(-c6c7nsnc7c(-c7ccc(-c8ccc(C)s8)s7)cc6F)cc4[Si]5(C)C)c4nsnc43)s2)s1,-0.176,-0.112,0.064,1.753,0.197,137.1
PC71BM,bulk,polymer,Cc1c(-c2cccs2)sc2c(C)c(-c3ccc(-c4scc5c4C(=O)N(C)C5=O)s3)sc12,-0.194,-0.095,0.098,1.199,0.665,27.88
PC71BM,bulk,polymer,Cc1ccc(-c2csc(-c3cc(-c4ccc(C)s4)c(-c4ccc(C5=C6C(=O)N(C)C(c7cccs7)=C6C(=O)N5C)s4)s3)c2)s1,-0.18,-0.104,0.076,1.675,0.305,84.61
PC61BM,bulk,polymer,COc1ccc(-c2nc3c(nc2-c2ccc(OC)cc2)c(-c2ccc(-c4ccc5c(c4)C(C)(C)c4ccccc4-5)s2)sc3-c2cccs2)cc1,-0.176,-0.099,0.077,0.999,0.188,82.06
TiO2,DSSC,molecule,N#CC(=Cc1ccc(-c2ccc(-c3ccc(N(c4ccccc4)c4ccccc4)cc3)c3nsnc32)s1)C(=O)O,-0.198,-0.121,0.077,4.181,0.776,82.91
TiO2,DSSC,molecule,CC1(C)CC(C=Cc2ccc(N(c3ccc(-n4c5ccccc5c5ccccc54)cc3)c3ccc(-n4c5ccccc5c5ccccc54)cc3)cc2)=CC(=C(C#N)C(=O)O)C1,-0.199,-0.109,0.09,2.414,0.812,45.77
PC61BM,bulk,polymer,c1csc(-c2ccsc2-c2cccs2)c1,-0.208,-0.054,0.154,0.002,1.046,0.03
PC71BM,bulk,polymer,Cc1csc(-c2nnc(-c3cc(C)c(-c4cc5c(s4)-c4sccc4[Si]5(C)C)s3)nn2)c1,-0.191,-0.097,0.095,1.362,0.609,34.48
PDI,bulk,polymer,Cn1c2ccccc2c2ccccc21,-0.205,-0.036,0.169,0.0,0.978,0.0
PC61BM,bulk,polymer,COc1ccc(-c2nc3c(-c4cccs4)ccc(-c4ccc(-c5cc6c7c8c(cccc8CCc7c5)n6C)s4)c3nc2-c2ccc(OC)cc2)cc1,-0.183,-0.086,0.097,0.746,0.371,31.02
PC71BM,bulk,polymer,COC(=O)c1cc2c(-c3cccs3)sc(-c3ccc(-c4cc5c(s4)c(-c4cc(F)c(C)s4)c4ccsc4c5-c4cc(F)c(C)s4)s3)c2s1,-0.187,-0.099,0.087,1.586,0.477,51.23
PC61BM,bulk,molecule,COC(=O)N1C(=O)C2=C(c3ccc(-c4ccc(C5=S=C(C)C=C5)s4)s3)N(C(=O)OC)C(=O)C2=C1c1ccc(-c2ccc(-c3ccc(C)s3)s2)s1,-0.179,-0.111,0.068,2.125,0.274,119.48
PC61BM,bulk,polymer,C#Cc1cc2c(s1)c1sc(C#Cc3cccc4nsnc43)cc1n2C,-0.192,-0.102,0.09,1.835,0.625,45.22
PC61BM,bulk,polymer,Cn1c2ccccc2c2ccc(-c3ccc(-c4cnc(-c5cccs5)c5nccnc45)s3)cc21,-0.193,-0.104,0.088,2.034,0.642,48.79
TiO2,DSSC,molecule,CC1(C)c2cc(-c3ccc(C=C(C#N)C(=O)O)s3)ccc2-c2c1c1c(c3c2C(C)(C)c2cc(N(c4ccccc4)c4ccccc4)ccc2-3)C(C)(C)c2cc(N(c3ccccc3)c3ccccc3)ccc2-1,-0.19,-0.108,0.082,2.426,0.568,65.68
PC71BM,bulk,polymer,Cc1ccc(-c2c3ccsc3c(-c3ccc(C)s3)c3cc(-c4scc5cc(S(C)(=O)=O)sc54)sc32)s1,-0.193,-0.085,0.108,0.611,0.643,14.65
PC71BM,bulk,molecule,Cc1cc(-c2ccc(N(c3ccccc3)c3ccccc3)cc2)sc1-c1nc2sc(-c3sc(-c4ccc(N(c5ccccc5)c5ccccc5)cc4)cc3C)nc2s1,-0.179,-0.087,0.092,0.689,0.258,41.13
PC71BM,bulk,polymer,CC1(C)Oc2cc(-c3c4nsnc4cc(F)c3F)sc2-c2sccc21,-0.194,-0.107,0.087,2.247,0.679,50.93
PC71BM,bulk,polymer,COc1c(OC)c(-c2ccc(-c3ccc4c(c3)[Si](C)(C)c3ccccc3-4)s2)c2nsnc2c1-c1cccs1,-0.188,-0.1,0.088,1.653,0.525,48.49
PC71BM,bulk,polymer,CN1C(=O)C2=C(c3ccc(-c4cccs4)o3)N(C)C(=O)C2=C1c1ccco1,-0.182,-0.1,0.082,1.504,0.352,65.68
TiO2,DSSC,molecule,CC1(C)c2ccccc2-c2ccc(N(c3ccc(C=C(C#N)c4ccc(C=C(C#N)C(=O)O)s4)cc3)c3ccc4c(c3)C(C)(C)c3ccccc3-4)cc21,-0.198,-0.115,0.083,3.243,0.796,62.7
PC71BM,bulk,polymer,Cc1ccc(C2(c3ccc(C)cc3)c3ccsc3-c3cc4c(cc32)-c2sc(-c3cccc5nsnc53)cc2C4(c2ccc(C)cc2)c2ccc(C)cc2)cc1,-0.188,-0.098,0.09,1.501,0.516,44.8
PC71BM,bulk,molecule,C[Si]1(C)c2cc(-c3cnc(-c4cc5ccccc5s4)c4nsnc43)sc2-c2sc(-c3cnc(-c4cc5ccccc5s4)c4nsnc43)cc21,-0.189,-0.124,0.065,4.732,0.551,132.28
PC71BM,bulk,polymer,Cc1csc(-c2ccc(C3=C4C(=O)N(C)C(c5ccc(-c6cc(C)cs6)s5)=C4C(=O)N3C)s2)c1,-0.179,-0.104,0.075,1.572,0.266,91.18
PC61BM,bulk,polymer,COc1c2ccsc2c(OC)c2cc(-c3ccc(-c4c5nonc5c(-c5cccs5)c(OC)c4OC)s3)sc21,-0.188,-0.106,0.083,2.155,0.529,63.29
PC61BM,bilayer,molecule,N#CC(C#N)=Cc1ccc(-c2ccc(N(c3ccc(-c4ccc(C=Cc5cccs5)s4)cc3)c3ccc(-c4ccc(C=C(C#N)C#N)s4)cc3)cc2)s1,-0.199,-0.125,0.075,4.833,0.827,90.02
PC71BM,bulk,polymer,CC1(C)c2ccsc2-c2sc(-c3cccc4nsnc43)cc21,-0.192,-0.099,0.093,1.538,0.625,37.89
PC61BM,bulk,polymer,COc1ccc(-c2nc3c(-c4cccs4)ccc(-c4ccc(-c5ccc6c(c5)C(C)(C)c5ccccc5-6)s4)c3nc2-c2ccc(OC)cc2)cc1,-0.187,-0.088,0.098,0.864,0.483,27.54
PC61BM,bulk,polymer,COc1c2ccsc2c(OC)c2cc(-c3ccc(-c4sc(-c5cccs5)c5c4C(=O)N(C)C5=O)s3)sc21,-0.195,-0.099,0.096,1.46,0.695,32.44
PC71BM,bulk,polymer,CC1(C)c2ccsc2-c2cc3c(cc21)-c1sc(-c2ccc(-c4nnc(-c5cccs5)nn4)s2)cc1C3(C)C,-0.189,-0.099,0.09,1.581,0.543,44.8
PC71BM,bulk,polymer,C[Si]1(C)c2ccsc2-c2sc(-c3cccc4nsnc43)cc21,-0.194,-0.099,0.095,1.5,0.679,34.01
PC71BM,bulk,polymer,Cc1csc(-c2ccc(-c3cc(C)c(-c4cc5c(s4)c(-c4ccc(C)s4)c4ccsc4c5-c4ccc(C)s4)s3)c3nsnc32)c1,-0.184,-0.106,0.079,2.062,0.419,75.85
,,,Cc1csc(-c2cccc3nsnc32)c1C,-0.216,-0.096,0.12,0.495,1.278,5.96
PC71BM,bulk,polymer,Cc1ccc(C2(c3ccc(C)cc3)c3ccsc3-c3cc4c(cc32)-c2sc(-c3ccc(-c5cccs5)s3)cc2C4(c2ccc(C)cc2)c2ccc(C)cc2)cc1,-0.179,-0.077,0.102,0.373,0.274,20.92
PC71BM,bulk,polymer,COc1c2ccsc2c(OC)c2c1=S=C(c1sc(-c3sc(-c4nc(C)c(-c5cc(C)cs5)s4)nc3C)cc1C)C=2,-0.185,-0.093,0.092,1.098,0.434,39.3
PC61BM,bulk,polymer,CN1c2ccccc2Sc2cc(C=Cc3ccsc3-c3cccs3)ccc21,-0.183,-0.065,0.118,0.171,0.382,6.9
C60,bilayer,molecule,CN1C(=O)C2=C(c3ccc(C=Cc4ccc(C(F)(F)F)cc4)s3)N(C)C(=O)C2=C1c1ccc(C=Cc2ccc(C(F)(F)F)cc2)s1,-0.189,-0.12,0.069,3.95,0.541,112.29
PC71BM,bulk,polymer,Cc1ccsc1C1=NC2SC(c3sc(-c4cc5c(s4)-c4sccc4[Si]5(C)C)cc3C)=NC2S1,-0.192,-0.084,0.109,0.571,0.635,13.85
PC61BM,bulk,molecule,C(=Cc1ccc(C=Cc2ccc(N(c3ccccc3)c3ccccc3)cc2)c2nsnc21)c1ccc(N(c2ccccc2)c2ccccc2)cc1,-0.177,-0.099,0.078,1.111,0.216,79.06
PC71BM,bulk,polymer,COc1c2cc(-c3cc(C=Cc4sc(-c5ccc(-c6cc(C)cs6)c6nsnc65)cc4C)cs3)sc2c(OC)c2ccsc21,-0.186,-0.105,0.081,2.076,0.455,70.24
TiO2,DSSC,molecule,N#CC(=Cc1sc(-c2ccc(N(c3ccccc3)c3ccccc3)cc2)c2c1OCCO2)C(=O)O,-0.195,-0.097,0.097,1.327,0.696,29.36
PC61BM,bulk,polymer,CC1(C)c2ccsc2-c2sc(-c3ccc(-c4nc5sc(-c6cccs6)nc5s4)s3)cc21,-0.185,-0.094,0.091,1.167,0.429,41.86
PC71BM,bulk,polymer,Cc1cc2c3cc(C)sc3c3nc4c(-c5ccc(-c6ccc7c8ccccc8n(C)c7c6)s5)ccc(-c5cccs5)c4nc3c2s1,-0.185,-0.101,0.084,1.667,0.426,60.31
PC71BM,bulk,polymer,Cc1ccc(-c2nc3cccc(-c4ccc(-c5ccc6c(c5)C(C)(C)c5cc(-c7cccs7)ccc5-6)s4)c3nc2-c2ccc(C)s2)s1,-0.19,-0.088,0.103,0.78,0.58,20.71
PC61BM,bulk,molecule,COc1ccc(C#Cc2ccc(-c3ccc(-c4ccc(C#Cc5ccc(OC)c(OC)c5)s4)c4nsnc43)s2)cc1OC,-0.188,-0.11,0.078,2.565,0.507,78.24
TiO2,DSSC,molecule,N#CC(=Cc1ccc(C(C#N)=Cc2ccc(N(c3ccccc3)c3ccccc3)cc2)s1)C(=O)O,-0.206,-0.116,0.091,2.847,1.011,43.34
C60,bulk,molecule,CC1(C)c2cc(C=C(C#N)C#N)sc2-c2sc(C=C(C#N)C#N)cc21,-0.239,-0.149,0.09,0.0,0.0,0.0
PC61BM,bulk,polymer,COc1c2ccsc2c(OC)c2cc(-c3cc(C)c(-c4nc5sc(-c6sccc6C)nc5s4)s3)sc21,-0.19,-0.094,0.096,1.188,0.567,32.25
PC71BM,bulk,polymer,COc1c2ccsc2c(OC)c2cc(-c3scc4c3C(=O)N(C)C4=O)sc21,-0.193,-0.09,0.103,0.868,0.656,20.89
PC71BM,bulk,polymer,CN1C(=O)C2=C(c3ccc(-c4cccs4)s3)N(C)C(=O)C2=C1c1cccs1,-0.184,-0.103,0.081,1.805,0.402,69.04
PC61BM,bulk,molecule,COc1ccc(C#Cc2ccc(C#Cc3ccc(-c4ccc(-c5ccc(C#Cc6ccc(C#Cc7ccc(OC)c(OC)c7)cc6)s5)c5nsnc54)s3)cc2)cc1OC,-0.187,-0.113,0.074,3.019,0.5,93.11
PC71BM,bulk,polymer,Cc1ccc(C2(c3ccc(C)cc3)c3ccsc3-c3cc4c(cc32)-c2sc(-c3cccs3)cc2C4(c2ccc(C)cc2)c2ccc(C)cc2)cc1,-0.183,-0.069,0.114,0.217,0.38,8.79
PC71BM,bulk,polymer,CC(=O)c1cc2c(csc2-c2cc3c(s2)c2sccc2c(C)c3C)s1,-0.19,-0.093,0.106,0.857,0.801,16.49
TiO2,DSSC,molecule,CC1(C)c2ccccc2-c2ccc(N(c3ccc(-c4ccc(-c5ccc(C=C(C#N)C(=O)O)s5)s4)cc3)c3ccc4c(c3)C(C)(C)c3ccccc3-4)cc21,-0.189,-0.109,0.08,2.561,0.545,72.34
PC61BM,bilayer,molecule,CC1(C)c2cc(-c3ccc(-c4ccc(-c5ccc(C=C(C#N)C#N)s5)s4)s3)ccc2-c2ccc(N(c3ccccc3)c3ccccc3)cc21,-0.191,-0.12,0.071,4.084,0.597,105.23
PC71BM,bulk,polymer,Cc1ccc(-c2c3cc(-c4ccc(C5=C6C(=O)N(C)C(c7cccs7)=C6C(=O)N5C)s4)sc3c(-c3ccc(C)cc3)c3ccsc32)cc1,-0.182,-0.105,0.077,1.864,0.352,81.38
PC61BM,bulk,polymer,Cc1ccc(-n2c(-c3ccsc3)nc3c2c2ccc(C)cc2c2cc(C)ccc32)cc1,-0.189,-0.045,0.145,0.004,0.543,0.122
PC71BM,bulk,polymer,COC(=O)c1sc2c(csc2-c2cc3c(s2)c(OC)c2ccsc2c3OC)c1F,-0.195,-0.086,0.108,0.637,0.699,14.14
PC61BM,bulk,polymer,Cn1c2ccccc2c2ccc(-c3ccc(-c4sc(-c5cccs5)c5nc(-c6ccccc6)c(-c6ccccc6)nc54)s3)cc21,-0.179,-0.103,0.076,1.504,0.271,85.48
PC71BM,bulk,polymer,Cc1ccc(-c2c3cc(-c4cc5sc(C6=C7C(=O)N(C)C(c8cc9sccc9s8)=C7C(=O)N6C)cc5s4)sc3c(-c3ccc(C)s3)c3ccsc32)s1,-0.181,-0.107,0.074,1.956,0.322,93.43
PC71BM,bulk,polymer,Cc1cc2c3cc(C)sc3c3nc4c(cccc4-c4ccc(-c5ccc6c(c5)C(C)(C)c5cc(-c7cccs7)ccc5-6)s4)nc3c2s1,-0.189,-0.098,0.092,1.465,0.551,40.95
PC61BM,bulk,polymer,Cc1csc(-c2ccc(-c3cc(C)c(-c4cc5c(s4)c(C)c4ccsc4c5C)s3)c3nsnc32)c1,-0.186,-0.107,0.08,2.209,0.47,72.63
PC61BM,bulk,molecule,Cc1cc(C=C2C(=O)N(C)C(=O)N(C)C2=O)sc1-c1cc(C)c(-c2cc(C)c(-c3ccc(-c4sc(-c5sc(C6=S=C(C=C7C(=O)N(C)C(=O)N(C)C7=O)C=C6C)cc5C)cc4C)s3)s2)s1,-0.188,-0.117,0.071,3.544,0.519,105.36
PC61BM,bulk,polymer,Cc1nc2c(nc1C)c(-c1ccc(-c3ccc4c5ccccc5n(C)c4c3)s1)sc2-c1cccs1,-0.178,-0.097,0.08,1.102,0.241,70.51
PC71BM,bulk,molecule,COc1c2cc(-c3cc(C)c(-c4ccc(-c5sc(C=C6SC(=S)N(C)C6=O)cc5C)s4)s3)sc2c(OC)c2cc(-c3cc(C)c(-c4ccc(-c5sc(C=C6SC(=S)N(C)C6=O)cc5C)s4)s3)sc21,-0.183,-0.111,0.072,2.489,0.38,100.88
PC71BM,bulk,polymer,CN1C(=O)C2=C(c3cc4sccc4s3)N(C)C(=O)C2=C1c1cc2sccc2s1,-0.185,-0.104,0.081,1.949,0.443,67.74
PC61BM,bulk,polymer,COc1ccc(-c2nc3c(-c4scc5c4OCCO5)ccc(-c4sc(-c5ccc6c(c5)C(C)(C)c5ccccc5-6)c5c4OCCO5)c3nc2-c2ccc(OC)cc2)cc1,-0.178,-0.08,0.098,0.406,0.24,29.62
PC71BM,bulk,polymer,COc1c(OC)c(-c2ccc(-c3ccc4c5ccccc5n(C)c4c3)s2)c2nsnc2c1-c1cccs1,-0.187,-0.099,0.088,1.596,0.497,49.5
PC61BM,bulk,polymer,COc1ccc(N(c2ccc(OC)cc2)c2cccc(-n3c4ccccc4c4ccc(-c5ccc(-c6c7nsnc7c(-c7cccs7)c7nc(-c8ccccc8)c(-c8ccccc8)nc76)s5)cc43)c2)cc1,-0.179,-0.121,0.058,3.107,0.283,169.41
PC61BM,bulk,molecule,COc1ccc(C#Cc2c3ccccc3c(C#Cc3ccc(OC)c(OC)c3)c3ccccc23)cc1OC,-0.185,-0.094,0.091,1.184,0.43,42.36
TiO2,DSSC,molecule,Cc1cc(C=C(C#N)C(=O)O)sc1-c1cc(C)c(-c2cc(C)c(-c3ccc(N(c4ccc5c(c4)C(C)(C)c4ccccc4-5)c4ccc5c(c4)C(C)(C)c4ccccc4-5)cc3)s2)s1,-0.185,-0.108,0.077,2.332,0.43,83.53
PC61BM,bulk,polymer,Cc1ccsc1-c1sc(-c2sc(C3=S=C(c4sccc4C)C(C)=C3)cc2C)c2nc3c(nc21)-c1cccc2cccc-3c12,-0.18,-0.097,0.083,1.167,0.295,63.28
PC71BM,bulk,polymer,Cc1ccc(-c2c3cc(-c4ccc(-c5sc(-c6cccs6)c6c5C(=O)c5c(C)sc(C)c5C6=O)s4)sc3c(-c3ccc(C)s3)c3ccsc32)s1,-0.188,-0.096,0.092,1.356,0.527,39.69
TiO2,DSSC,molecule,Cn1c(-c2ccc(C=C(C#N)C(=O)O)cc2)ccc1-c1ccc(N(c2ccccc2)c2ccccc2)cc1,-0.191,-0.101,0.091,1.726,0.61,43.56
PC61BM,bilayer,molecule,N#CC(C#N)=Cc1ccc(-c2ccc(N(c3ccc(-c4ccc(C=Cc5cccs5)s4)cc3)c3ccc(-c4ccc(C=Cc5cccs5)s4)cc3)cc2)s1,-0.188,-0.114,0.074,3.146,0.522,92.89
PC61BM,bulk,polymer,COC(=O)c1cc2c(csc2-c2sc3c(c2F)c(OC)c2scc(F)c2c3OC)s1,-0.198,-0.093,0.105,0.93,0.786,18.37
PC61BM,bulk,molecule,COc1c2sc(-c3ccc(C4=C5C(=O)N(C)C(c6cccs6)=C5C(=O)N4C)s3)cc2cc2c1cc1cc(-c3ccc(C4=C5C(=O)N(C)C(c6cccs6)=C5C(=O)N4C)s3)sc1c2OC,-0.182,-0.113,0.069,2.571,0.347,114.1
TiO2,DSSC,molecule,Cn1c(-c2ccc(C=C(C#N)C(=O)O)s2)ccc1-c1ccc(-c2ccc3c(c2)C(C)(C)c2cc(N(c4ccccc4)c4ccccc4)ccc2-3)s1,-0.188,-0.105,0.083,2.052,0.503,62.77
PC71BM,bulk,polymer,COc1c2cc(-c3cccs3)sc2c(OC)c2ccsc21,-0.193,-0.066,0.127,0.143,0.652,3.38
PC61BM,bulk,molecule,C(=Cc1ccc(N(c2ccccc2)c2ccccc2)cc1)c1ccc(-c2ccc(-c3ccc(C=Cc4ccc(N(c5ccccc5)c5ccccc5)cc4)s3)c3nsnc32)s1,-0.174,-0.105,0.069,0.968,0.132,114.4
TiO2,DSSC,molecule,CC1(C)c2cc(C=C(C#N)C(=O)O)sc2-c2sc(-c3ccc(N(c4ccc(N5c6ccccc6Sc6ccccc65)cc4)c4ccc(N5c6ccccc6Sc6ccccc65)cc4)cc3)cc21,-0.19,-0.111,0.079,2.716,0.57,74.04
PC71BM,bulk,polymer,Cc1csc(-c2nnc(-c3cc(C)c(-c4cc5c(s4)-c4sccc4C5(C)C)s3)nn2)c1,-0.19,-0.096,0.094,1.346,0.561,37.0
PC71BM,bulk,polymer,COc1c(OC)c(-c2ccc(-c3ccc4c(c3)C(C)(C)c3ccccc3-4)s2)c2nsnc2c1-c1cccs1,-0.188,-0.1,0.088,1.652,0.521,48.87
PC61BM,bulk,polymer,COC(=O)c1cc2csc(-c3ccc(-c4ccc(-c5sccc5C)s4)s3)c2s1,-0.184,-0.085,0.099,0.714,0.414,26.67
TiO2,DSSC,molecule,COc1ccc(N(c2ccc(OC)cc2)c2ccc(-c3sc(-c4cc5sc(C=C(C#N)C(=O)O)cc5s4)c4c3OCCO4)cc2)cc1,-0.179,-0.102,0.077,1.491,0.278,82.59
PC61BM,bulk,polymer,Cc1nc(-c2nc(C)c(-c3ccc(C4=S=C5c6sccc6C(C)(C)C5=C4)s3)s2)sc1-c1cccs1,-0.181,-0.092,0.089,0.979,0.327,46.14
PC71BM,bulk,polymer,COc1c2sccc2c2cc(-c3ccc(-c4sc(-c5nc(C)c(-c6cccs6)s5)nc4C)s3)sc2c1OC,-0.188,-0.094,0.094,1.2,0.505,36.59
TiO2,DSSC,molecule,N#CC(=Cc1ccc(C=Cc2ccc(C=Cc3ccc(N(c4ccccc4)c4ccccc4)cc3)s2)s1)C(=O)O,-0.189,-0.113,0.076,2.986,0.529,86.9
PC71BM,bulk,polymer,Cc1ccc(-c2c3cc(-c4sc5cc(-c6ccc(-c7csc8c(C)csc78)c7nsnc76)sc5c4C)sc3c(-c3ccc(C)s3)c3ccsc32)s1,-0.185,-0.106,0.079,2.134,0.447,73.6
TiO2,DSSC,molecule,CC1(C)c2cc(-c3ccc(-c4ccc(C=C(C#N)C(=O)O)s4)s3)ccc2-c2ccc(N(c3ccccc3)c3cccc4ccccc43)cc21,-0.191,-0.11,0.081,2.668,0.609,67.5
TiO2,DSSC,molecule,CC1(C)c2cc(-c3ccc(-c4ccc(C=C(C#N)C(=O)O)s4)s3)ccc2-c2ccc(N(c3ccccc3)c3cccc4ccccc43)cc21,-0.192,-0.11,0.082,2.673,0.616,66.82
PC71BM,bulk,polymer,CC1=CC(c2cc(C)c(-c3sc(-c4cc(C)c(-c5nc6scnc6s5)s4)cc3C)s2)=S=C1,-0.187,-0.091,0.096,0.977,0.489,32.41
PC71BM,bulk,polymer,COc1cc2c3ccsc3c3sc(-c4cccc5nsnc54)cc3c2cc1OC,-0.199,-0.102,0.097,1.569,0.821,29.42
PC71BM,bulk,molecule,Cc1nc(-c2nc(C)c(-c3ccc(-c4ccc(N(c5ccccc5)c5ccccc5)cc4)s3)s2)sc1-c1ccc(-c2ccc(N(c3ccccc3)c3ccccc3)cc2)s1,-0.179,-0.09,0.089,0.811,0.272,45.87
PC61BM,bulk,polymer,COC(=O)c1cc2csc(-c3cccs3)c2s1,-0.201,-0.08,0.122,0.296,0.876,5.2
PC61BM,bulk,polymer,COC(=O)c1sc2csc(-c3sc4c(c3F)c(OC)c3scc(F)c3c4OC)c2c1F,-0.2,-0.095,0.105,0.965,0.846,17.74
TiO2,DSSC,molecule,N#CC(=Cc1ccc(C=C(c2ccc(N(c3ccccc3)c3ccccc3)cc2)c2ccc(N(c3ccccc3)c3ccccc3)cc2)s1)C(=O)O,-0.192,-0.105,0.087,2.108,0.62,52.35
PC71BM,bulk,polymer,CN1C(=O)C2=C(c3ccc(-c4ccco4)o3)N(C)C(=O)C2=C1c1ccco1,-0.181,-0.098,0.083,1.335,0.332,61.88
PC71BM,bulk,molecule,CN1C(=O)C2=C(c3ccc(C#Cc4cc5ccccc5c5ccccc45)s3)N(C)C(=O)C2=C1c1ccc(C#Cc2cc3ccccc3c3ccccc23)s1,-0.184,-0.113,0.071,2.83,0.414,105.36
TiO2,DSSC,molecule,COc1ccc(N(c2ccc(OC)cc2)c2ccc(-c3sc(C=C(C#N)C(=O)O)c4c3OCCO4)cc2)cc1,-0.185,-0.093,0.092,1.122,0.43,40.23
PC61BM,bulk,polymer,CC1(C)c2ccccc2-c2ccc(-c3ccc(-c4ccc(-c5cccs5)c5c4=NC(c4ccccc4)C(c4ccccc4)N=5)s3)cc21,-0.187,-0.116,0.071,3.272,0.477,105.75
PC61BM,bulk,polymer,Cc1csc(-c2c3nsnc3c(-c3cc(C)c(-c4cc5c(s4)c(C)c4ccsc4c5C)s3)c(F)c2F)c1,-0.189,-0.11,0.079,2.679,0.539,76.61
PC61BM,bulk,polymer,CC1(C)c2ccccc2-c2ccc(-c3ccc(C4=C(c5ccccc5)C(c5ccccc5)=C(c5cccs5)[Si]4(C)C)s3)cc21,-0.179,-0.085,0.095,0.629,0.282,34.42
PC71BM,bulk,polymer,Cc1ccc(-c2c3ccsc3c(-c3ccc(C)s3)c3cc(-c4ccc(C5=C6C(=O)N(C)C(c7cccs7)=C6C(=O)N5C)s4)sc32)s1,-0.183,-0.106,0.077,1.99,0.373,82.17
PC61BM,bulk,polymer,C[Si]1(C)c2ccccc2-c2ccc(-c3ccc(-c4ccc(-c5cccs5)c5nsnc54)s3)cc21,-0.192,-0.105,0.087,2.112,0.626,51.91
TiO2,DSSC,molecule,N#CC(=Cc1ccc(C=Cc2ccc(-c3ccc(N(c4ccccc4)c4ccccc4)cc3)s2)s1)C(=O)O,-0.192,-0.112,0.08,2.884,0.625,71.06
PC61BM,bulk,polymer,C=Cc1cc(OC)c(C=Cc2ccc(N(c3ccccc3)c3ccc(C=C(C#N)c4ccc([N+](=O)[O-])cc4)cc3)cc2)cc1OC,-0.192,-0.107,0.085,2.362,0.625,58.3
